{"ARB_WETHUSDC_0.05%": 19.551960662100626, "ARB_GMXWETH_1%": 5.176857395925597, "OP_WETHUSDC_0.05%": 20.24548138417015, "MATIC_WETHUSDC_0.05%": 18.885455929636972}